{"-100": {"x": -0.2877113107427828, "y": -0.09803819554331568}, "-99": {"x": -0.16363046296360206, "y": 0.18162450523295515}, "-98": {"x": -0.027905843427408185, "y": -0.045209229495216864}, "-97": {"x": -0.32355167713073624, "y": -0.0725123396575691}, "-96": {"x": -0.20202897921532925, "y": 0.19283010298067865}, "-95": {"x": -0.022390911934084143, "y": -0.07168500861029112}, "-94": {"x": -0.29495105707177327, "y": -0.0871624709574577}, "-93": {"x": -0.1298907531012662, "y": 0.1890734356103589}, "-92": {"x": -0.028202548516898462, "y": -0.0712830247579128}, "-91": {"x": -0.39716192396490096, "y": -0.0452183724703794}, "-90": {"x": -0.15851484636015478, "y": 0.21492658772321566}, "-89": {"x": -0.053579279987397026, "y": -0.12695993787643442}, "-88": {"x": -0.38892844853878633, "y": -0.04163773355090089}, "-87": {"x": -0.13385834147888892, "y": 0.24200716245652237}, "-86": {"x": -0.031097881776737342, "y": -0.047036930214066165}, "-85": {"x": -0.3549735317041763, "y": -0.05512345623140653}, "-84": {"x": -0.10310405170403102, "y": 0.22645372225892615}, "-83": {"x": -0.014241129006420088, "y": -0.12639676676878983}, "-82": {"x": -0.384175902342081, "y": -0.05620681507931659}, "-81": {"x": -0.16013078010041124, "y": 0.2275277260984103}, "-80": {"x": -0.08185590802156091, "y": -0.13712535546566187}, "-79": {"x": -0.40185184334117324, "y": -0.06531123424248945}, "-78": {"x": -0.14138788438700126, "y": 0.19250860289635394}, "-77": {"x": -0.02341551355759264, "y": -0.0711563215674642}, "-76": {"x": -0.38631786513000554, "y": 0.04047860949560884}, "-75": {"x": -0.10204878212256838, "y": 0.19735566545752475}, "-74": {"x": -0.06703405298999977, "y": -0.14487845983929512}, "-73": {"x": -0.45430427965984754, "y": -0.11888064394323943}, "-72": {"x": -0.08291311025940377, "y": 0.20154861759601192}, "-71": {"x": -0.11083624544394015, "y": -0.20114918377344557}, "-70": {"x": -0.5182445285321394, "y": -0.02063434748735672}, "-69": {"x": -0.1298875254872426, "y": 0.23959977275406957}, "-68": {"x": -0.1612463642061002, "y": -0.20955294507724598}, "-67": {"x": -0.48783720336855657, "y": 0.09870938732995405}, "-66": {"x": -0.09899245161335647, "y": 0.30307765367756934}, "-65": {"x": -0.06756883980619147, "y": -0.21047402052751701}, "-64": {"x": -0.6107455117937466, "y": -0.014976876059515636}, "-63": {"x": -0.10847517264901224, "y": 0.15742388879847816}, "-62": {"x": -0.06740145348560896, "y": -0.16676277618492255}, "-61": {"x": -0.5120208931018759, "y": 0.020876535246027346}, "-60": {"x": -0.1231136718425718, "y": 0.2771437021116456}, "-59": {"x": -0.29348597914597835, "y": -0.09249227725070523}, "-58": {"x": -0.5486600847983735, "y": 0.07515401476049433}, "-57": {"x": -0.056035877672054056, "y": 0.20901572560552567}, "-56": {"x": -0.12025578710287985, "y": -0.18784728810928486}, "-55": {"x": -0.4219834309948814, "y": 0.08711692884540419}, "-54": {"x": -0.15170830827140236, "y": 0.237280190366306}, "-53": {"x": -0.10806637249611464, "y": -0.24687807242706689}, "-52": {"x": -0.6179466540590722, "y": 0.07055981125425373}, "-51": {"x": 0.028188913846255458, "y": 0.19065424406670778}, "-50": {"x": -0.19151048546909386, "y": -0.2651342237114269}, "-49": {"x": -0.7675571755879753, "y": 0.15803468807422047}, "-48": {"x": -0.0035071166736757734, "y": 0.1905006895114317}, "-47": {"x": -0.18486467978707968, "y": -0.43474173271699057}, "-46": {"x": -0.6247419007648749, "y": 0.030086885335765548}, "-45": {"x": 0.0767790513890327, "y": 0.23477837558148082}, "-44": {"x": -0.3601226374943299, "y": -0.29938275086936134}, "-43": {"x": -0.8734281964017044, "y": 0.21413136731890411}, "-42": {"x": -0.1633755584425584, "y": 0.2081229817897163}, "-41": {"x": -0.237938013797029, "y": -0.48252430328706925}, "-40": {"x": -0.755597328361176, "y": 0.12476520130499355}, "-39": {"x": -0.08810318865389127, "y": 0.22637367183862228}, "-38": {"x": -0.3867343497345688, "y": -0.11795193063751766}, "-37": {"x": -0.5454049946107213, "y": 0.12929334341426554}, "-36": {"x": -0.40260809164974476, "y": -0.16606669429123258}, "-35": {"x": -0.5089274245456324, "y": 0.034509596509265834}, "-34": {"x": -0.8450182840759806, "y": 0.4646895886500911}, "-33": {"x": -0.2088073813127319, "y": 0.3474193942820872}, "-32": {"x": -0.37579479526451764, "y": -0.34345117258297864}, "-31": {"x": -0.9178661224022753, "y": 0.24196042304348114}, "-30": {"x": 0.5807389489328701, "y": 0.5397222836290883}, "-29": {"x": 0.06482256232025248, "y": -0.3199464527668606}, "-28": {"x": -0.9965510673933544, "y": 0.522814699868568}, "-27": {"x": 0.1384153666778066, "y": 0.1494118681030741}, "-26": {"x": -0.8176410219067697, "y": -1.209184848150911}, "-25": {"x": -0.7871579303878302, "y": 0.45402839531086187}, "-24": {"x": 0.24176162162159803, "y": 0.20551607441621456}, "-23": {"x": 0.14697251184148483, "y": -0.2637133155646993}, "-22": {"x": -1.171936144095543, "y": 0.7550786551922118}, "-21": {"x": 0.41405887478636816, "y": -0.3913417336646279}, "-20": {"x": 0.2185116329658637, "y": -0.9616063719210087}, "-19": {"x": -0.1957110133855272, "y": -0.08095675475657889}, "-18": {"x": 0.4827652395018988, "y": -1.5139073814921833}, "-17": {"x": -1.712115945362315, "y": -0.16187669263096194}, "-16": {"x": -1.3301829965413496, "y": -1.9441365836045124}, "-15": {"x": -2.7805919621068975, "y": -2.133386467271594}, "-14": {"x": -0.10938993082200818, "y": 0.2784151079755853}, "-13": {"x": 2.544225257635999, "y": -0.5031085211954488}, "-12": {"x": -4.239752536346058, "y": -0.23708052640475152}, "-11": {"x": -1.7086625508751034, "y": 1.6311268236495893}, "-10": {"x": -3.5271136009910835, "y": 2.031656748965684}, "-9": {"x": 4.330335205538981, "y": -6.312777921023678}, "-8": {"x": 0.592580893322815, "y": -15.847431708731369}, "-7": {"x": -11.396634158485563, "y": 3.447904039016053}, "-6": {"x": 1.0710464524077439, "y": 3.340582753543658}, "-5": {"x": -14.467950135602626, "y": 7.139404567048678}, "-4": {"x": -7.300152050892317, "y": 11.714843697928686}, "-3": {"x": 8.962152982719262, "y": -0.9998694118629018}, "-2": {"x": -9.25030157554615, "y": -53.35772018179791}, "-1": {"x": 18.30981086708354, "y": 39.97612444059}, "0": {"x": 222.06899327751162, "y": 294.22139789291384}, "1": {"x": -53.62188430015498, "y": 39.89161713895513}, "2": {"x": 3.2145965155734415, "y": -58.450080994141786}, "3": {"x": 1.3716602678245509, "y": 7.820856380948007}, "4": {"x": 1.3140458921673825, "y": -4.007159652646287}, "5": {"x": 8.463147758741712, "y": -9.924993654264632}, "6": {"x": 11.22704227738376, "y": -6.332269092051798}, "7": {"x": 11.240425848767611, "y": 11.70689321059512}, "8": {"x": 8.449946748990998, "y": -13.773824187262422}, "9": {"x": -0.7274331466480182, "y": 0.7239688335719432}, "10": {"x": 10.883550460094904, "y": -2.192377519291934}, "11": {"x": 3.283161212214383, "y": 0.8263657105873683}, "12": {"x": -3.9408610128369093, "y": -1.7509416421885917}, "13": {"x": -0.2958983484785717, "y": -3.714589210966545}, "14": {"x": 3.4049488607504106, "y": -0.5481624779152975}, "15": {"x": 0.07634569501570689, "y": 1.1865687588668494}, "16": {"x": 1.494314703309697, "y": -0.542323706684874}, "17": {"x": -0.3866083136452192, "y": -1.5812618182034606}, "18": {"x": 0.010498702308582726, "y": 0.6536407661716256}, "19": {"x": 3.3046234382972886, "y": 1.21990698228724}, "20": {"x": 0.8607214775054345, "y": -0.8495353721001501}, "21": {"x": -1.5011865912840854, "y": 1.3798623218261334}, "22": {"x": 1.60628362820951, "y": 0.03679758414375014}, "23": {"x": 1.486480198696559, "y": -1.0549106224518736}, "24": {"x": 1.3320327521868986, "y": 0.30082797759114244}, "25": {"x": 1.444655269209866, "y": 0.7110137516147822}, "26": {"x": 1.299680576835802, "y": -0.7844956518289372}, "27": {"x": -0.23883845141268686, "y": 0.21770382109444938}, "28": {"x": 1.7069768289745577, "y": -0.10282667444007589}, "29": {"x": 0.7422498338710605, "y": -1.000579573814441}, "30": {"x": -0.06469465778984537, "y": 0.5997354407058607}, "31": {"x": 1.4204015958858416, "y": -0.10694876682028553},